<?xml version="1.0" encoding="UTF-8" ?>
<!DOCTYPE mapper PUBLIC "-//mybatis.org//DTD Mapper 3.0//EN"
        "http://mybatis.org/dtd/mybatis-3-mapper.dtd" >
<mapper namespace="com.itheima.mapper.EmployeeMapper">

    <!--动态更新-->
    <update id="update">
        update tb_employee
        <set>
            <if test="username != null and username != ''">
                username = #{username},
            </if>
            <if test="name != null and name != ''">
                name = #{name},
            </if>
            <if test="password != null and password != ''">
                password = #{password},
            </if>
            <if test="email != null and email != ''">
                email = #{email},
            </if>
            <if test="note != null">
                note = #{note},
            </if>
            <if test="status != null">
                status = #{status},
            </if>
            <if test="updateTime != null">
                update_time = #{updateTime}
            </if>
        </set>
        where id = #{id};
    </update>


    <!--动态查询-->
    <select id="list" resultType="com.itheima.pojo.Employee">
        select id, username, name, password, email, note, status, create_time, update_time from tb_employee
        <where>
            <if test="username != null and username != ''">
                username like concat('%', #{username} ,'%')
            </if>
            <if test="name != null and name != ''">
                and name like concat('%', #{name} ,'%')
            </if>
            <if test="email != null and email != ''">
                and email like concat('%', #{email} ,'%')
            </if>
        </where>
        order by create_time desc
    </select>

</mapper>
