<?xml version="1.0" encoding="UTF-8"?>
<!DOCTYPE mapper PUBLIC "-//mybatis.org//DTD Mapper 3.0//EN" "http://mybatis.org/dtd/mybatis-3-mapper.dtd">
<mapper namespace="com.itheima.mapper.ProductMapper">

    <!--新增商品-->
    <insert id="insert">
        insert into tb_product (brand_id, name, pic, publish_status, verify_status, price, description, create_time, update_time) VALUES
        (#{brandId},  #{name}, #{pic},  #{publishStatus}, #{verifyStatus}, #{price}, #{description}, #{createTime}, #{updateTime})
    </insert>

    <!--更新商品-->
    <update id="update">
        UPDATE tb_product
        <set>
            <if test="brandId != null">brand_id = #{brandId},</if>
            <if test="name != null and name != ''">name = #{name},</if>
            <if test="pic != null and pic != ''">pic = #{pic},</if>
            <if test="publishStatus != null">publish_status = #{publishStatus},</if>
            <if test="verifyStatus != null">verify_status = #{verifyStatus},</if>
            <if test="price != null">price = #{price},</if>
            <if test="description != null">description = #{description},</if>
            <if test="updateTime != null">update_time = #{updateTime}</if>
        </set>
        WHERE id = #{id}
    </update>

    <!--删除商品-->
    <delete id="deleteById">
        delete from tb_product where id = #{id}
    </delete>

    <!--根据ID查询-->
    <select id="getById" resultType="com.itheima.pojo.Product">
        select id, brand_id, name, pic, publish_status, verify_status, price, description, create_time, update_time from tb_product where id = #{id}
    </select>
<!--   动态分页查询 -->
    <select id="List" resultType="com.itheima.pojo.Product">
        SELECT p.*,b.name brandName FROM tb_brand b RIGHT JOIN tb_product p ON b.id = p.brand_id
        <where>
            <if test="name != null and name != ''">
                p.name like concat('%', #{name} ,'%')
            </if>
            <if test="publishStatus != null and publishStatus != ''">
                and publish_status = #{publishStatus}
            </if>
            <if test="verifyStatus != null and verifyStatus != ''">
                and verify_status = #{verifyStatus}
            </if>
<!--            <if test="brandName != null and brandName != ''">-->
<!--                and brandName = #{brandName}-->
<!--            </if>-->
        </where>
        order by create_time desc
    </select>
</mapper>
